{
    "counter": {
        "101domain GRS Ltd": 1,
        "Alibaba Cloud Computing (Beijing) Co., Ltd.": 1,
        "Amazon Registrar, Inc.": 3,
        "CSC Corporate Domains, Inc.": 1,
        "CloudFlare, Inc.": 1,
        "DropCatch.com 600 LLC": 1,
        "EPAG DOMAINSERVICES GmbH": 1,
        "Gabia, Inc.": 1,
        "Gandi SAS": 2,
        "GoDaddy.com, LLC": 11,
        "Gransy, s.r.o.": 1,
        "INWX GmbH": 1,
        "Libyan Spider Network (int)": 1,
        "MarkMonitor": 1,
        "MarkMonitor Inc.": 5,
        "Name SRS AB": 2,
        "NameCheap, Inc.": 6,
        "OVH sas": 1,
        "PDR Ltd. d/b/a PublicDomainRegistry.com": 1,
        "Tucows Domains Inc.": 4,
        "total": 47,
        "阿里云计算有限公司（万网）": 1
    },
    "percentage": {
        "101domain GRS Ltd": 2.127659574468085,
        "Alibaba Cloud Computing (Beijing) Co., Ltd.": 2.127659574468085,
        "Amazon Registrar, Inc.": 6.382978723404255,
        "CSC Corporate Domains, Inc.": 2.127659574468085,
        "CloudFlare, Inc.": 2.127659574468085,
        "DropCatch.com 600 LLC": 2.127659574468085,
        "EPAG DOMAINSERVICES GmbH": 2.127659574468085,
        "Gabia, Inc.": 2.127659574468085,
        "Gandi SAS": 4.25531914893617,
        "GoDaddy.com, LLC": 23.404255319148938,
        "Gransy, s.r.o.": 2.127659574468085,
        "INWX GmbH": 2.127659574468085,
        "Libyan Spider Network (int)": 2.127659574468085,
        "MarkMonitor": 2.127659574468085,
        "MarkMonitor Inc.": 10.638297872340425,
        "Name SRS AB": 4.25531914893617,
        "NameCheap, Inc.": 12.76595744680851,
        "OVH sas": 2.127659574468085,
        "PDR Ltd. d/b/a PublicDomainRegistry.com": 2.127659574468085,
        "Tucows Domains Inc.": 8.51063829787234,
        "total": 100.0,
        "阿里云计算有限公司（万网）": 2.127659574468085
    }
}